Small_up_width,Small_depth,Small_scallps_length,Small_scallps_height,Small_angle,Large_up_width,Large_depth,Large_scallps_length,Large_scallps_height,Large_angle
42.8,190.5,0.9937,0.2345,89.55186892045758,53.22,199.9,1.05,0.2121,89.78790053443001
31.26,179.4,0.8485,0.2456,90.0,53.22,199.9,1.05,0.2121,89.78790053443001
22.7,163.8,0.9937,0.2345,89.47882565989795,53.22,199.9,1.05,0.2121,89.78790053443001
19.54,158.8,0.8709,0.1786,89.79795022969526,53.22,199.9,1.05,0.2121,89.78790053443001
18.14,153.8,1.038,0.201,89.5864940762753,53.22,199.9,1.05,0.2121,89.78790053443001
15.07,149.1,1.15,0.2121,89.89240241847996,53.22,199.9,1.05,0.2121,89.78790053443001
14.07,142.0,0.8709,0.2233,89.63686259791095,53.22,199.9,1.05,0.2121,89.78790053443001
12.06,134.9,0.8262,0.1786,89.5243157994029,53.22,199.9,1.05,0.2121,89.78790053443001
10.5,130.4,0.7704,0.1675,89.802277619382,53.22,199.9,1.05,0.2121,89.78790053443001
9.602,126.4,0.7369,0.1563,89.79738048514297,53.22,199.9,1.05,0.2121,89.78790053443001
8.485,120.6,0.882,0.1675,89.68169338854864,53.22,199.9,1.05,0.2121,89.78790053443001
7.257,115.2,0.8932,0.1675,89.90749126971414,53.22,199.9,1.05,0.2121,89.78790053443001
6.699,108.5,0.5303,0.1228,89.60712081247014,53.22,199.9,1.05,0.2121,89.78790053443001
5.396,101.2,0.5248,0.1116,90.0,53.22,199.9,1.05,0.2121,89.78790053443001
4.466,91.27,0.4466,0.1061,89.73696983710173,53.22,199.9,1.05,0.2121,89.78790053443001
3.629,83.04,0.3964,0.1116,89.71090163917836,53.22,199.9,1.05,0.2121,89.78790053443001
41.68,187.2,1.25,0.2568,89.88675528411083,52.85,194.3,1.373,0.2233,89.77883879971934
32.75,175.3,1.161,0.1675,89.87906784404252,52.85,194.3,1.373,0.2233,89.77883879971934
22.7,160.4,0.9714,0.1451,89.60350810433061,52.85,194.3,1.373,0.2233,89.77883879971934
19.35,155.2,0.8932,0.1786,89.86340593906407,52.85,194.3,1.373,0.2233,89.77883879971934
17.86,151.5,0.9602,0.1786,89.5802166515586,52.85,194.3,1.373,0.2233,89.77883879971934
17.12,145.9,0.9825,0.2233,89.1243342007264,52.85,194.3,1.373,0.2233,89.77883879971934
14.14,139.9,0.9714,0.2233,89.69693723070719,52.85,194.3,1.373,0.2233,89.77883879971934
12.41,133.7,0.8597,0.201,89.5714681291143,52.85,194.3,1.373,0.2233,89.77883879971934
10.92,129.5,0.7592,0.1451,89.66817487106317,52.85,194.3,1.373,0.2233,89.77883879971934
9.602,124.8,0.7146,0.1563,89.692405420871,52.85,194.3,1.373,0.2233,89.77883879971934
9.379,120.4,0.6364,0.1228,89.46845888985118,52.85,194.3,1.373,0.2233,89.77883879971934
7.592,114.8,0.9155,0.201,89.77740601829991,52.85,194.3,1.373,0.2233,89.77883879971934
6.922,108.3,0.5917,0.08932,89.64554309749496,52.85,194.3,1.373,0.2233,89.77883879971934
5.423,101.0,0.5471,0.1116,89.81903670406696,52.85,194.3,1.373,0.2233,89.77883879971934
4.745,91.83,0.5694,0.1228,89.73857383188133,52.85,194.3,1.373,0.2233,89.77883879971934
3.35,79.69,0.5024,0.08932,89.7986855032586,52.85,194.3,1.373,0.2233,89.77883879971934
42.43,188.7,1.284,0.2568,89.8846191479395,53.59,196.5,1.25,0.2903,89.89211494470412
32.1,176.4,1.172,0.2791,90.0,53.59,196.5,1.25,0.2903,89.89211494470412
22.05,159.9,0.9379,0.201,89.79934017918687,53.59,196.5,1.25,0.2903,89.89211494470412
19.82,156.3,1.005,0.2568,89.79471849497335,53.59,196.5,1.25,0.2903,89.89211494470412
17.58,151.8,1.094,0.3238,89.89809061821482,53.59,196.5,1.25,0.2903,89.89211494470412
16.13,146.6,0.882,0.1898,89.70687953793208,53.59,196.5,1.25,0.2903,89.89211494470412
13.89,140.2,1.005,0.2233,89.79975165727687,53.59,196.5,1.25,0.2903,89.89211494470412
11.41,133.0,0.8262,0.1786,90.0,53.59,196.5,1.25,0.2903,89.89211494470412
10.72,128.8,0.7815,0.1675,89.90213463327338,53.59,196.5,1.25,0.2903,89.89211494470412
9.602,125.0,0.7481,0.1786,89.79511116581574,53.59,196.5,1.25,0.2903,89.89211494470412
8.374,119.8,0.8262,0.2121,89.82208713292852,53.59,196.5,1.25,0.2903,89.89211494470412
7.443,114.8,0.6252,0.1563,89.81433836778717,53.59,196.5,1.25,0.2903,89.89211494470412
6.327,108.3,0.5917,0.1228,89.90159737293321,53.59,196.5,1.25,0.2903,89.89211494470412
4.944,100.8,0.6308,0.134,89.90962280370096,53.59,196.5,1.25,0.2903,89.89211494470412
4.466,91.69,0.5638,0.1284,89.82565739832337,53.59,196.5,1.25,0.2903,89.89211494470412
42.05,187.9,1.34,0.2456,89.88412790562708,52.48,195.4,1.34,0.2345,89.78301599721402
32.01,176.4,1.094,0.268,89.87657390852387,52.48,195.4,1.34,0.2345,89.78301599721402
21.21,159.9,0.9937,0.2345,90.0,52.48,195.4,1.34,0.2345,89.78301599721402
19.35,155.6,1.027,0.3015,89.81957044243468,52.48,195.4,1.34,0.2345,89.78301599721402
17.31,151.6,0.8485,0.201,89.78835428370073,52.48,195.4,1.34,0.2345,89.78301599721402
15.85,145.4,0.9044,0.2345,89.73598417762972,52.48,195.4,1.34,0.2345,89.78301599721402
12.9,139.9,0.882,0.201,89.89761308340783,52.48,195.4,1.34,0.2345,89.78301599721402
11.39,133.3,0.949,0.1898,89.71201913721978,52.48,195.4,1.34,0.2345,89.78301599721402
10.27,129.1,0.9267,0.1898,90.0,52.48,195.4,1.34,0.2345,89.78301599721402
9.825,124.8,0.7201,0.134,89.5900299847263,52.48,195.4,1.34,0.2345,89.78301599721402
8.039,119.7,0.9155,0.1898,90.0,52.48,195.4,1.34,0.2345,89.78301599721402
7.071,113.5,0.7034,0.1451,89.9061056788595,52.48,195.4,1.34,0.2345,89.78301599721402
6.141,107.9,0.6364,0.1172,90.0,52.48,195.4,1.34,0.2345,89.78301599721402
5.089,100.2,0.6029,0.1284,90.0,52.48,195.4,1.34,0.2345,89.78301599721402
4.306,91.39,0.5136,0.1116,89.90031710525324,52.48,195.4,1.34,0.2345,89.78301599721402
3.629,82.76,0.5303,0.1284,89.80684555429733,52.48,195.4,1.34,0.2345,89.78301599721402
42.43,197.6,1.362,0.3684,89.67525007150604,52.21,207.7,1.195,0.3908,89.92000113018138
31.63,185.0,1.195,0.2903,89.65622944812853,52.21,207.7,1.195,0.3908,89.92000113018138
21.49,167.8,0.8597,0.3015,89.62099292235361,52.21,207.7,1.195,0.3908,89.92000113018138
19.54,160.2,0.9155,0.2345,89.69957544493465,52.21,207.7,1.195,0.3908,89.92000113018138
17.31,159.1,0.9602,0.2568,89.79833121291328,52.21,207.7,1.195,0.3908,89.92000113018138
15.91,152.7,1.016,0.2456,89.68482010916054,52.21,207.7,1.195,0.3908,89.92000113018138
12.64,142.9,0.949,0.2233,89.91580052458905,52.21,207.7,1.195,0.3908,89.92000113018138
11.61,138.2,0.9267,0.1898,89.63102359740189,52.21,207.7,1.195,0.3908,89.92000113018138
10.72,134.0,0.8597,0.201,89.80758952344783,52.21,207.7,1.195,0.3908,89.92000113018138
9.379,128.4,0.5024,0.134,89.9000448474235,52.21,207.7,1.195,0.3908,89.92000113018138
8.485,123.7,0.6587,0.1898,89.7934211242249,52.21,207.7,1.195,0.3908,89.92000113018138
7.146,117.5,0.4913,0.1563,89.89077243350522,52.21,207.7,1.195,0.3908,89.92000113018138
6.029,110.5,0.5248,0.08932,89.88437157026446,52.21,207.7,1.195,0.3908,89.92000113018138
4.689,94.9,0.4801,0.1172,89.8653642221875,52.21,207.7,1.195,0.3908,89.92000113018138
2.791,76.15,0.3908,0.0949,90.0,52.21,207.7,1.195,0.3908,89.92000113018138
42.8,194.6,1.116,0.268,89.45237972880506,51.73,202.1,1.541,0.268,89.89510433085177
32.38,182.4,1.094,0.2568,89.41575407796716,51.73,202.1,1.541,0.268,89.89510433085177
22.05,165.8,0.8374,0.2568,89.51966666012142,51.73,202.1,1.541,0.268,89.89510433085177
19.54,160.8,0.815,0.2233,89.6009313721562,51.73,202.1,1.541,0.268,89.89510433085177
17.58,156.3,0.8374,0.2456,89.69574504163181,51.73,202.1,1.541,0.268,89.89510433085177
16.47,150.7,0.9825,0.1786,89.15222120990727,51.73,202.1,1.541,0.268,89.89510433085177
13.68,144.0,0.815,0.1898,89.55437514504872,51.73,202.1,1.541,0.268,89.89510433085177
11.83,137.6,0.7369,0.201,89.53781296674356,51.73,202.1,1.541,0.268,89.89510433085177
11.17,133.4,1.005,0.3015,89.87973917013232,51.73,202.1,1.541,0.268,89.89510433085177
9.825,128.4,0.7369,0.1675,89.50202118482432,51.73,202.1,1.541,0.268,89.89510433085177
8.709,124.4,0.7592,0.1675,89.79412296449019,51.73,202.1,1.541,0.268,89.89510433085177
7.815,117.9,0.8485,0.1563,89.7832587296777,51.73,202.1,1.541,0.268,89.89510433085177
6.699,111.2,0.7257,0.1228,89.65478680079795,51.73,202.1,1.541,0.268,89.89510433085177
5.334,104.0,0.5471,0.1228,89.81599303302285,51.73,202.1,1.541,0.268,89.89510433085177
3.35,84.71,0.4857,0.1116,89.90530749818683,51.73,202.1,1.541,0.268,89.89510433085177
41.68,186.8,1.195,0.268,89.542993035275,52.85,195.0,1.273,0.3126,89.67092016705799
33.12,176.4,1.317,0.2568,88.91203066029463,52.85,195.0,1.273,0.3126,89.67092016705799
21.77,160.5,0.9379,0.1675,89.60375513190046,52.85,195.0,1.273,0.3126,89.67092016705799
19.82,156.6,0.815,0.2233,89.59022874233294,52.85,195.0,1.273,0.3126,89.67092016705799
18.11,152.3,1.027,0.2233,89.4394748002366,52.85,195.0,1.273,0.3126,89.67092016705799
15.63,147.2,1.139,0.2121,89.6535827282445,52.85,195.0,1.273,0.3126,89.67092016705799
13.4,140.9,0.9602,0.201,89.72755228572883,52.85,195.0,1.273,0.3126,89.67092016705799
12.06,134.2,0.8485,0.1451,89.23581696087024,52.85,195.0,1.273,0.3126,89.67092016705799
10.72,130.2,0.9044,0.1786,89.5080252903036,52.85,195.0,1.273,0.3126,89.67092016705799
10.27,126.4,0.8262,0.1563,89.39352144126958,52.85,195.0,1.273,0.3126,89.67092016705799
8.932,120.6,0.7815,0.1675,89.4693403337787,52.85,195.0,1.273,0.3126,89.67092016705799
7.283,115.7,0.7369,0.134,89.78805115147108,52.85,195.0,1.273,0.3126,89.67092016705799
6.699,108.9,0.6699,0.1228,89.60856384989985,52.85,195.0,1.273,0.3126,89.67092016705799
5.582,102.3,0.6476,0.08932,89.89582597022297,52.85,195.0,1.273,0.3126,89.67092016705799
4.885,92.39,0.5024,0.1061,89.39413475328698,52.85,195.0,1.273,0.3126,89.67092016705799
3.629,81.23,0.4745,0.1061,89.31090388388172,52.85,195.0,1.273,0.3126,89.67092016705799
41.31,190.9,1.284,0.2121,89.66385260980165,52.1,198.4,1.317,0.2791,89.89314811570962
31.26,179.4,1.005,0.2791,89.88183161448268,52.1,198.4,1.317,0.2791,89.89314811570962
22.33,162.7,1.206,0.2121,89.21474131359128,52.1,198.4,1.317,0.2791,89.89314811570962
19.82,159.9,1.016,0.2121,89.29772292683923,52.1,198.4,1.317,0.2791,89.89314811570962
17.31,154.6,1.072,0.1786,89.79246121474944,52.1,198.4,1.317,0.2791,89.89314811570962
15.63,148.9,1.094,0.2568,89.42667654713411,52.1,198.4,1.317,0.2791,89.89314811570962
13.84,143.4,0.8709,0.1675,89.37672321942186,52.1,198.4,1.317,0.2791,89.89314811570962
11.61,136.2,0.7369,0.134,89.43631521667683,52.1,198.4,1.317,0.2791,89.89314811570962
10.27,132.0,0.8262,0.1228,89.51603579696094,52.1,198.4,1.317,0.2791,89.89314811570962
9.155,127.7,0.7704,0.1563,89.69939060269954,52.1,198.4,1.317,0.2791,89.89314811570962
8.262,122.1,0.7146,0.134,89.68560371019849,52.1,198.4,1.317,0.2791,89.89314811570962
7.283,116.3,0.7034,0.1563,89.57780228450694,52.1,198.4,1.317,0.2791,89.89314811570962
5.955,110.0,0.6587,0.1228,89.90311813788456,52.1,198.4,1.317,0.2791,89.89314811570962
4.838,101.4,0.5973,0.134,89.78980340869411,52.1,198.4,1.317,0.2791,89.89314811570962
3.629,91.55,0.5471,0.1116,89.91238227330287,52.1,198.4,1.317,0.2791,89.89314811570962
3.21,82.76,0.4299,0.1116,89.61369549884195,52.1,198.4,1.317,0.2791,89.89314811570962
41.31,190.5,1.172,0.268,89.88871699862166,51.36,198.7,1.273,0.3126,90.0
31.63,180.1,1.094,0.268,89.76458279709702,51.36,198.7,1.273,0.3126,90.0
22.05,164.1,0.9714,0.1898,89.51469086595824,51.36,198.7,1.273,0.3126,90.0
19.54,158.8,0.9155,0.2121,89.59590548454032,51.36,198.7,1.273,0.3126,90.0
17.62,153.8,1.061,0.2233,89.72060146932492,51.36,198.7,1.273,0.3126,90.0
15.91,149.1,0.8485,0.1898,89.35828336123619,51.36,198.7,1.273,0.3126,90.0
13.4,141.9,0.9602,0.1675,89.69717100427223,51.36,198.7,1.273,0.3126,90.0
11.39,134.6,0.7815,0.1116,89.71480048125777,51.36,198.7,1.273,0.3126,90.0
10.5,130.6,0.7257,0.1675,89.7038720765235,51.36,198.7,1.273,0.3126,90.0
9.379,126.6,0.7704,0.1451,89.59540619680155,51.36,198.7,1.273,0.3126,90.0
8.262,121.9,0.6922,0.1116,89.78990074938494,51.36,198.7,1.273,0.3126,90.0
7.369,115.4,0.6699,0.1675,89.66735059837075,51.36,198.7,1.273,0.3126,90.0
6.513,109.0,0.5917,0.1786,89.51063235218462,51.36,198.7,1.273,0.3126,90.0
5.263,101.6,0.5303,0.1228,89.8201053779042,51.36,198.7,1.273,0.3126,90.0
3.987,92.99,0.575,0.1284,89.90203226083997,51.36,198.7,1.273,0.3126,90.0
3.489,83.6,0.4243,0.07815,89.90473557400249,51.36,198.7,1.273,0.3126,90.0
41.15,189.5,1.15,0.2791,89.80649520068583,52.1,198.4,1.262,0.268,90.0
30.94,179.9,1.228,0.1563,90.0,52.1,198.4,1.262,0.268,90.0
21.49,162.7,0.9602,0.1898,90.0,52.1,198.4,1.262,0.268,90.0
19.82,159.4,1.284,0.2345,89.79871076208421,52.1,198.4,1.262,0.268,90.0
17.31,153.0,1.072,0.201,89.89514509572666,52.1,198.4,1.262,0.268,90.0
14.89,149.4,1.038,0.1675,89.90795866630158,52.1,198.4,1.262,0.268,90.0
13.4,141.3,0.949,0.1675,89.9067373131675,52.1,198.4,1.262,0.268,90.0
11.39,134.0,0.8374,0.1563,89.9016565944268,52.1,198.4,1.262,0.268,90.0
10.27,130.6,0.7927,0.1116,89.60911372491262,52.1,198.4,1.262,0.268,90.0
8.932,125.5,0.7536,0.1228,89.89819167024424,52.1,198.4,1.262,0.268,90.0
8.188,121.0,0.7871,0.1563,89.91192556532698,52.1,198.4,1.262,0.268,90.0
7.257,115.2,0.7313,0.1731,90.0,52.1,198.4,1.262,0.268,90.0
6.327,108.7,0.5694,0.1396,90.0,52.1,198.4,1.262,0.268,90.0
4.944,101.9,0.5359,0.1228,89.9100361414296,52.1,198.4,1.262,0.268,90.0
3.768,89.74,0.5248,0.0949,90.0,52.1,198.4,1.262,0.268,90.0
3.35,86.11,0.5638,0.1061,90.0,52.1,198.4,1.262,0.268,90.0
42.8,197.6,1.217,0.2903,89.67525007150604,51.73,206.2,1.384,0.3126,90.0
31.63,186.5,1.362,0.2903,89.88633023803304,51.73,206.2,1.384,0.3126,90.0
21.21,170.8,0.9937,0.2568,89.7517645693635,51.73,206.2,1.384,0.3126,90.0
19.54,165.5,1.005,0.2903,89.80612982431929,51.73,206.2,1.384,0.3126,90.0
17.86,161.3,1.139,0.3238,89.7051762103192,51.73,206.2,1.384,0.3126,90.0
15.63,154.9,1.094,0.268,89.68929642980821,51.73,206.2,1.384,0.3126,90.0
13.4,148.5,0.9937,0.201,89.78393613175449,51.73,206.2,1.384,0.3126,90.0
11.83,141.1,1.262,0.2791,89.72793845669429,51.73,206.2,1.384,0.3126,90.0
10.5,136.7,0.8485,0.1675,89.81138984894764,51.73,206.2,1.384,0.3126,90.0
9.602,132.0,0.9379,0.1786,89.90320494942371,51.73,206.2,1.384,0.3126,90.0
7.592,126.6,0.6699,0.1675,89.79770057650089,51.73,206.2,1.384,0.3126,90.0
7.443,120.4,0.6811,0.1451,89.82297373624402,51.73,206.2,1.384,0.3126,90.0
6.141,112.6,0.6755,0.1396,90.0,51.73,206.2,1.384,0.3126,90.0
5.242,103.9,0.5582,0.1228,90.0,51.73,206.2,1.384,0.3126,90.0
4.187,92.39,0.5415,0.1786,89.82697831050442,51.73,206.2,1.384,0.3126,90.0
3.768,88.76,0.5359,0.134,89.91027369488648,51.73,206.2,1.384,0.3126,90.0
42.11,193.0,1.195,0.3461,89.52501996282399,52.1,201.7,1.418,0.3796,89.68469175390945
32.1,182.5,1.172,0.2791,89.29992750759877,52.1,201.7,1.418,0.3796,89.68469175390945
21.83,166.2,0.9044,0.268,89.48979836125397,52.1,201.7,1.418,0.3796,89.68469175390945
19.82,161.6,0.9714,0.2233,89.40437226443703,52.1,201.7,1.418,0.3796,89.68469175390945
17.86,157.3,1.15,0.2121,89.36988110409827,52.1,201.7,1.418,0.3796,89.68469175390945
15.63,151.3,0.949,0.2568,89.53043505644916,52.1,201.7,1.418,0.3796,89.68469175390945
13.84,145.4,0.8113,0.1935,89.38529582768605,52.1,201.7,1.418,0.3796,89.68469175390945
11.61,138.0,0.8634,0.1935,89.53915258144065,52.1,201.7,1.418,0.3796,89.68469175390945
10.5,133.5,0.8485,0.134,89.51889843206301,52.1,201.7,1.418,0.3796,89.68469175390945
9.744,129.5,0.7964,0.134,89.46112585518473,52.1,201.7,1.418,0.3796,89.68469175390945
8.485,124.6,0.7071,0.1489,89.5893719494319,52.1,201.7,1.418,0.3796,89.68469175390945
7.629,118.7,0.7034,0.1061,89.55110375163977,52.1,201.7,1.418,0.3796,89.68469175390945
6.327,111.6,0.6364,0.1228,89.61752041507633,52.1,201.7,1.418,0.3796,89.68469175390945
4.838,103.6,0.5973,0.1116,89.69140216396862,52.1,201.7,1.418,0.3796,89.68469175390945
3.07,81.78,0.4299,0.0949,89.7071481135077,52.1,201.7,1.418,0.3796,89.68469175390945
41.68,194.6,1.474,0.2121,89.89106159879745,52.48,201.7,1.306,0.2568,89.89205567449008
31.26,182.7,1.072,0.1786,90.0,52.48,201.7,1.306,0.2568,89.89205567449008
21.21,165.2,1.072,0.1675,89.71213621756294,52.48,201.7,1.306,0.2568,89.89205567449008
18.98,162.2,1.083,0.1563,89.80218551762104,52.48,201.7,1.306,0.2568,89.89205567449008
17.31,156.3,0.7927,0.2121,89.79471849497335,52.48,201.7,1.306,0.2568,89.89205567449008
15.63,151.6,1.139,0.201,89.68253323046949,52.48,201.7,1.306,0.2568,89.89205567449008
13.4,144.6,0.815,0.1563,89.70282538522096,52.48,201.7,1.306,0.2568,89.89205567449008
11.61,136.9,0.9267,0.1898,89.71959192267094,52.48,201.7,1.306,0.2568,89.89205567449008
10.05,133.3,0.882,0.1675,89.80743876535284,52.48,201.7,1.306,0.2568,89.89205567449008
9.155,128.4,0.8597,0.1898,89.90049107488389,52.48,201.7,1.306,0.2568,89.89205567449008
8.262,123.3,0.6922,0.134,89.89637514273963,52.48,201.7,1.306,0.2568,89.89205567449008
7.443,116.5,0.6252,0.134,89.5426270977194,52.48,201.7,1.306,0.2568,89.89205567449008
6.327,110.5,0.6922,0.1507,89.9035565165212,52.48,201.7,1.306,0.2568,89.89205567449008
5.582,103.8,0.6197,0.1619,89.6478396241774,52.48,201.7,1.306,0.2568,89.89205567449008
3.768,94.48,0.4913,0.1284,89.74590628458175,52.48,201.7,1.306,0.2568,89.89205567449008
3.629,85.41,0.4522,0.1228,89.62501014587932,52.48,201.7,1.306,0.2568,89.89205567449008
42.8,192.4,1.094,0.2903,89.44611834645681,52.1,200.6,1.284,0.2903,89.78864065545004
31.63,181.6,1.083,0.2233,89.64979337415882,52.1,200.6,1.284,0.2903,89.78864065545004
21.21,164.7,0.9825,0.1898,89.71126232892861,52.1,200.6,1.284,0.2903,89.78864065545004
19.54,160.8,0.9602,0.1563,89.6009313721562,52.1,200.6,1.284,0.2903,89.78864065545004
17.86,156.0,0.8932,0.1675,89.48949342318684,52.1,200.6,1.284,0.2903,89.78864065545004
15.35,151.0,0.9937,0.1675,89.7875133150403,52.1,200.6,1.284,0.2903,89.78864065545004
13.62,144.3,0.9937,0.201,89.5553015628038,52.1,200.6,1.284,0.2903,89.78864065545004
11.83,136.7,0.8039,0.201,89.34617749607739,52.1,200.6,1.284,0.2903,89.78864065545004
10.5,132.9,0.882,0.1898,89.70899685009744,52.1,200.6,1.284,0.2903,89.78864065545004
9.602,128.6,0.8597,0.1116,89.70149436276687,52.1,200.6,1.284,0.2903,89.78864065545004
8.485,123.7,0.7704,0.134,89.58638445992092,52.1,200.6,1.284,0.2903,89.78864065545004
7.592,118.3,0.6029,0.1284,89.56750499309013,52.1,200.6,1.284,0.2903,89.78864065545004
6.476,111.4,0.7146,0.1563,89.77009806112312,52.1,200.6,1.284,0.2903,89.78864065545004
5.396,103.1,0.7034,0.1228,89.79326927753893,52.1,200.6,1.284,0.2903,89.78864065545004
4.466,94.9,0.5248,0.08374,89.71080668781697,52.1,200.6,1.284,0.2903,89.78864065545004
3.21,84.02,0.4187,0.1228,89.71427359429316,52.1,200.6,1.284,0.2903,89.78864065545004
42.29,73.13,1.518,0.3684,89.67094266620994,52.48,73.47,1.493,0.4326,89.65686890438324
31.96,70.62,1.496,0.3349,90.0,52.48,73.47,1.493,0.4326,89.65686890438324
21.66,66.43,1.451,0.3126,89.81025100993281,52.48,73.47,1.493,0.4326,89.65686890438324
19.65,65.09,1.362,0.2903,89.8063446997504,52.48,73.47,1.493,0.4326,89.65686890438324
17.64,63.42,1.373,0.3015,89.59346155637957,52.48,73.47,1.493,0.4326,89.65686890438324
15.3,61.74,1.228,0.3238,89.69375725323243,52.48,73.47,1.493,0.4326,89.65686890438324
13.51,59.73,1.34,0.3126,89.89448302994647,52.48,73.47,1.493,0.4326,89.65686890438324
11.5,57.61,1.061,0.2456,89.44307193183613,52.48,73.47,1.493,0.4326,89.65686890438324
10.27,56.16,1.329,0.2903,89.88777550415527,52.48,73.47,1.493,0.4326,89.65686890438324
9.379,54.71,1.105,0.2568,89.76541431372105,52.48,73.47,1.493,0.4326,89.65686890438324
8.159,53.16,1.128,0.2456,89.90730939165661,52.48,73.47,1.493,0.4326,89.65686890438324
7.386,51.19,1.072,0.2456,89.80748511447648,52.48,73.47,1.493,0.4326,89.65686890438324
6.252,48.9,0.9379,0.2345,89.82658999026816,52.48,73.47,1.493,0.4326,89.65686890438324
5.385,45.95,0.8858,0.2233,89.8254323327259,52.48,73.47,1.493,0.4326,89.65686890438324
3.828,42.31,0.856,0.1861,89.81176826518109,52.48,73.47,1.493,0.4326,89.65686890438324
2.915,38.77,0.7294,0.1638,89.26555473985626,52.48,73.47,1.493,0.4326,89.65686890438324
42.15,70.2,1.407,0.3349,89.88573506413819,51.78,71.18,1.496,0.4131,89.88730824967254
31.26,68.53,1.463,0.3015,89.76590210137435,51.78,71.18,1.496,0.4131,89.88730824967254
21.66,64.31,1.262,0.3238,89.90199767376727,51.78,71.18,1.496,0.4131,89.88730824967254
19.32,63.42,1.317,0.2791,89.60249545083197,51.78,71.18,1.496,0.4131,89.88730824967254
17.53,61.74,1.373,0.3015,90.0,51.78,71.18,1.496,0.4131,89.88730824967254
15.3,60.18,1.228,0.3015,89.79054477664754,51.78,71.18,1.496,0.4131,89.88730824967254
13.29,58.06,1.15,0.2791,89.78289681078378,51.78,71.18,1.496,0.4131,89.88730824967254
11.39,56.05,1.239,0.3015,89.76488928951834,51.78,71.18,1.496,0.4131,89.88730824967254
10.05,54.6,1.206,0.3015,89.65371104365413,51.78,71.18,1.496,0.4131,89.88730824967254
9.267,53.15,1.061,0.268,89.75960707698165,51.78,71.18,1.496,0.4131,89.88730824967254
8.101,51.21,1.016,0.2456,90.0,51.78,71.18,1.496,0.4131,89.88730824967254
7.077,49.44,1.016,0.2345,89.89222287196797,51.78,71.18,1.496,0.4131,89.88730824967254
6.082,47.18,1.005,0.2345,90.0,51.78,71.18,1.496,0.4131,89.88730824967254
5.067,44.32,0.9044,0.1898,89.90174921085689,51.78,71.18,1.496,0.4131,89.88730824967254
4.133,41.94,0.9267,0.1898,90.0,51.78,71.18,1.496,0.4131,89.88730824967254
3.01,38.46,0.6476,0.1563,89.45029916928651,51.78,71.18,1.496,0.4131,89.88730824967254
42.01,70.62,1.381,0.3532,89.65924746985291,51.92,71.18,1.507,0.3796,89.10658667172235
31.94,67.74,1.407,0.3684,90.0,51.92,71.18,1.507,0.3796,89.10658667172235
21.55,63.78,1.317,0.3461,89.44305010316779,51.92,71.18,1.507,0.3796,89.10658667172235
19.54,62.86,1.329,0.3684,89.69921359299492,51.92,71.18,1.507,0.3796,89.10658667172235
17.75,61.3,1.228,0.3461,89.89718549785323,51.92,71.18,1.507,0.3796,89.10658667172235
15.52,59.84,1.25,0.2903,89.8946769945276,51.92,71.18,1.507,0.3796,89.10658667172235
13.51,58.28,1.15,0.3015,89.89185778547801,51.92,71.18,1.507,0.3796,89.10658667172235
11.5,56.16,1.172,0.268,90.0,51.92,71.18,1.507,0.3796,89.10658667172235
10.27,54.82,1.005,0.2791,90.0,51.92,71.18,1.507,0.3796,89.10658667172235
9.379,53.37,1.061,0.268,89.75952446599273,51.92,71.18,1.507,0.3796,89.10658667172235
8.262,51.25,1.094,0.268,89.87478795922333,51.92,71.18,1.507,0.3796,89.10658667172235
6.922,49.68,0.9379,0.2568,89.61365146486597,51.92,71.18,1.507,0.3796,89.10658667172235
6.259,47.57,0.9602,0.2568,89.89882614091294,51.92,71.18,1.507,0.3796,89.10658667172235
5.398,44.68,1.038,0.2568,89.89356436371263,51.92,71.18,1.507,0.3796,89.10658667172235
4.234,41.54,0.9602,0.2233,90.0,51.92,71.18,1.507,0.3796,89.10658667172235
2.736,37.45,0.7604,0.1714,89.3498087845904,51.92,71.18,1.507,0.3796,89.10658667172235
42.08,69.5,1.429,0.3796,89.51361585772058,52.31,72.43,1.563,0.3461,89.44628196841175
31.82,67.53,1.407,0.3461,89.88970173055442,52.31,72.43,1.563,0.3461,89.44628196841175
21.55,63.98,1.351,0.3015,89.40001923868746,52.31,72.43,1.563,0.3461,89.44628196841175
19.76,63.08,1.273,0.3015,89.90008672545986,52.31,72.43,1.563,0.3461,89.44628196841175
17.42,61.63,1.329,0.2345,89.5909505975624,52.31,72.43,1.563,0.3461,89.44628196841175
15.63,59.84,1.195,0.2568,90.0,52.31,72.43,1.563,0.3461,89.44628196841175
13.84,58.5,1.228,0.2233,89.92164684609017,52.31,72.43,1.563,0.3461,89.44628196841175
11.42,56.11,1.139,0.2345,89.78556304547124,52.31,72.43,1.563,0.3461,89.44628196841175
10.83,55.04,1.105,0.2345,89.77098465908155,52.31,72.43,1.563,0.3461,89.44628196841175
9.885,53.54,1.072,0.201,89.53235525492514,52.31,72.43,1.563,0.3461,89.44628196841175
8.466,51.86,1.016,0.1898,89.81881071120313,52.31,72.43,1.563,0.3461,89.44628196841175
7.542,50.19,0.9602,0.201,89.89383340513389,52.31,72.43,1.563,0.3461,89.44628196841175
6.297,48.15,0.9602,0.2121,89.908374428625,52.31,72.43,1.563,0.3461,89.44628196841175
5.282,45.41,0.8709,0.2233,89.90032235157274,52.31,72.43,1.563,0.3461,89.44628196841175
4.347,42.5,0.8262,0.1898,89.89214924829724,52.31,72.43,1.563,0.3461,89.44628196841175
2.863,36.54,0.815,0.1563,89.89337415136308,52.31,72.43,1.563,0.3461,89.44628196841175
41.59,76.2,1.63,0.4578,90.0,51.64,77.18,1.619,0.3796,89.3764374890757
31.96,73.41,1.608,0.3573,89.78146382690433,51.64,77.18,1.619,0.3796,89.3764374890757
21.44,68.89,1.496,0.3684,89.81702672895157,51.64,77.18,1.619,0.3796,89.3764374890757
19.65,67.77,1.474,0.3126,89.52656180794708,51.64,77.18,1.619,0.3796,89.3764374890757
17.53,65.87,1.351,0.3126,89.80863785299401,51.64,77.18,1.619,0.3796,89.3764374890757
15.3,64.65,1.317,0.3126,89.79616436671488,51.64,77.18,1.619,0.3796,89.3764374890757
13.4,62.41,1.273,0.2345,89.89901411280098,51.64,77.18,1.619,0.3796,89.3764374890757
11.28,59.73,1.217,0.2568,89.77937444909138,51.64,77.18,1.619,0.3796,89.3764374890757
10.94,58.84,1.094,0.2568,89.0234177154772,51.64,77.18,1.619,0.3796,89.3764374890757
9.49,56.94,1.172,0.3015,89.32584473624553,51.64,77.18,1.619,0.3796,89.3764374890757
8.262,54.93,1.128,0.2791,89.88317643523149,51.64,77.18,1.619,0.3796,89.3764374890757
7.146,52.92,1.038,0.2345,89.757479630331,51.64,77.18,1.619,0.3796,89.3764374890757
6.003,50.54,1.038,0.2233,90.0,51.64,77.18,1.619,0.3796,89.3764374890757
5.124,47.42,0.9155,0.1786,90.0,51.64,77.18,1.619,0.3796,89.3764374890757
3.48,42.17,0.7815,0.1451,89.81114335998033,51.64,77.18,1.619,0.3796,89.3764374890757
3.816,41.97,0.7927,0.201,89.80614797125807,51.64,77.18,1.619,0.3796,89.3764374890757
41.81,71.95,1.429,0.3908,89.70536134050735,51.78,72.99,1.44,0.4019,89.56041913978306
31.51,69.1,1.418,0.3684,89.79270792502348,51.78,72.99,1.44,0.4019,89.56041913978306
21.44,65.43,1.351,0.3126,90.0,51.78,72.99,1.44,0.4019,89.56041913978306
19.56,64.34,1.317,0.3461,89.79518226367959,51.78,72.99,1.44,0.4019,89.56041913978306
17.64,63.08,1.306,0.3238,89.70026260694712,51.78,72.99,1.44,0.4019,89.56041913978306
15.29,61.68,1.25,0.3126,90.0,51.78,72.99,1.44,0.4019,89.56041913978306
13.3,59.83,1.217,0.2903,89.82762478360806,51.78,72.99,1.44,0.4019,89.56041913978306
11.36,57.45,1.228,0.3126,89.72075385137234,51.78,72.99,1.44,0.4019,89.56041913978306
10.34,55.96,1.169,0.2977,89.71331872079466,51.78,72.99,1.44,0.4019,89.56041913978306
9.2,54.49,1.213,0.2605,89.81283515366377,51.78,72.99,1.44,0.4019,89.56041913978306
8.311,52.7,1.012,0.2456,89.72059015925379,51.78,72.99,1.44,0.4019,89.56041913978306
6.986,50.55,1.005,0.2382,89.90705737291596,51.78,72.99,1.44,0.4019,89.56041913978306
6.15,48.41,1.02,0.2456,89.71950028383552,51.78,72.99,1.44,0.4019,89.56041913978306
4.889,45.04,0.9453,0.201,89.9058640348817,51.78,72.99,1.44,0.4019,89.56041913978306
3.568,40.83,0.8039,0.1786,89.81476814727222,51.78,72.99,1.44,0.4019,89.56041913978306
3.387,39.58,0.8039,0.1954,90.0,51.78,72.99,1.44,0.4019,89.56041913978306
41.31,70.62,1.518,0.3908,88.97783881137022,51.12,72.78,1.597,0.3908,88.14274970283061
31.3,68.7,1.362,0.3126,89.0243146709434,51.12,72.78,1.597,0.3908,88.14274970283061
21.21,64.53,1.34,0.3126,89.29859902816158,51.12,72.78,1.597,0.3908,88.14274970283061
19.0,63.7,1.273,0.2791,89.24449504923719,51.12,72.78,1.597,0.3908,88.14274970283061
17.31,62.52,1.273,0.2791,89.89919179073839,51.12,72.78,1.597,0.3908,88.14274970283061
14.96,60.85,1.25,0.268,89.47272422763561,51.12,72.78,1.597,0.3908,88.14274970283061
13.29,58.73,1.094,0.2456,89.78537353082805,51.12,72.78,1.597,0.3908,88.14274970283061
11.5,56.72,1.116,0.2456,89.88888350061701,51.12,72.78,1.597,0.3908,88.14274970283061
9.917,55.86,1.105,0.2455,89.27896873076887,51.12,72.78,1.597,0.3908,88.14274970283061
9.222,54.38,1.027,0.2456,90.0,51.12,72.78,1.597,0.3908,88.14274970283061
8.542,52.13,1.083,0.2121,90.0,51.12,72.78,1.597,0.3908,88.14274970283061
7.415,50.48,0.9825,0.2568,90.0,51.12,72.78,1.597,0.3908,88.14274970283061
6.426,48.5,1.005,0.1786,90.0,51.12,72.78,1.597,0.3908,88.14274970283061
4.809,45.33,0.882,0.201,89.80029348108104,51.12,72.78,1.597,0.3908,88.14274970283061
4.046,42.53,0.7815,0.1563,90.0,51.12,72.78,1.597,0.3908,88.14274970283061
3.105,38.39,0.7704,0.1675,90.0,51.12,72.78,1.597,0.3908,88.14274970283061
41.98,71.8,1.496,0.3461,89.09834420403362,52.72,73.42,1.53,0.3238,89.78929732045772
32.09,69.72,1.485,0.3573,89.55623777572096,52.72,73.42,1.53,0.3238,89.78929732045772
22.1,65.87,1.362,0.3349,89.90431865966737,52.72,73.42,1.53,0.3238,89.78929732045772
19.56,64.96,1.34,0.268,89.78831704869184,52.72,73.42,1.53,0.3238,89.78929732045772
17.48,63.34,1.228,0.2791,89.8009943036897,52.72,73.42,1.53,0.3238,89.78929732045772
15.59,61.44,1.351,0.3126,90.0,52.72,73.42,1.53,0.3238,89.78929732045772
13.4,59.62,1.139,0.2568,89.89428834963132,52.72,73.42,1.53,0.3238,89.78929732045772
11.5,57.83,1.217,0.3015,89.89101628660876,52.72,73.42,1.53,0.3238,89.78929732045772
10.48,56.49,0.9714,0.2345,89.90871630743179,52.72,73.42,1.53,0.3238,89.78929732045772
9.468,54.93,1.239,0.2903,89.81329131203027,52.72,73.42,1.53,0.3238,89.78929732045772
8.644,52.78,1.016,0.2345,89.72644132769521,52.72,73.42,1.53,0.3238,89.78929732045772
7.184,50.7,1.15,0.2791,89.65645545885158,52.72,73.42,1.53,0.3238,89.78929732045772
6.145,48.98,0.9267,0.201,89.89004090114285,52.72,73.42,1.53,0.3238,89.78929732045772
5.071,46.05,0.949,0.1898,90.0,52.72,73.42,1.53,0.3238,89.78929732045772
4.182,43.04,0.7927,0.1451,89.82028566756377,52.72,73.42,1.53,0.3238,89.78929732045772
2.708,37.06,0.642,0.134,89.62895858454934,52.72,73.42,1.53,0.3238,89.78929732045772
41.95,71.69,1.407,0.3015,89.5844150808519,52.28,71.73,1.451,0.3461,89.36101041064543
31.71,68.22,1.373,0.3461,89.25256008406416,52.28,71.73,1.451,0.3461,89.36101041064543
21.78,64.75,1.362,0.3015,89.79647916813167,52.28,71.73,1.451,0.3461,89.36101041064543
19.43,63.53,1.273,0.2568,89.39576972829026,52.28,71.73,1.451,0.3461,89.36101041064543
17.67,62.34,1.295,0.3238,90.0,52.28,71.73,1.451,0.3461,89.36101041064543
15.52,60.63,1.284,0.2903,89.89604933479697,52.28,71.73,1.451,0.3461,89.36101041064543
13.57,59.13,1.172,0.2791,89.89341233762956,52.28,71.73,1.451,0.3461,89.36101041064543
11.55,56.88,1.128,0.282,89.70788269884582,52.28,71.73,1.451,0.3461,89.36101041064543
10.48,55.43,1.25,0.2121,89.89663410183454,52.28,71.73,1.451,0.3461,89.36101041064543
9.416,54.14,1.105,0.2233,89.89628776764471,52.28,71.73,1.451,0.3461,89.36101041064543
8.307,52.88,1.116,0.3015,90.0,52.28,71.73,1.451,0.3461,89.36101041064543
7.301,50.6,0.9379,0.2233,90.0,52.28,71.73,1.451,0.3461,89.36101041064543
5.959,48.6,0.949,0.2121,89.66990451100149,52.28,71.73,1.451,0.3461,89.36101041064543
5.398,45.75,0.9155,0.201,89.89229658504242,52.28,71.73,1.451,0.3461,89.36101041064543
4.16,42.66,0.9267,0.2121,89.69512378815976,52.28,71.73,1.451,0.3461,89.36101041064543
2.684,37.0,0.7313,0.1675,89.43789998089501,52.28,71.73,1.451,0.3461,89.36101041064543
41.17,74.25,1.44,0.3349,89.02780129840788,51.92,75.5,1.552,0.3684,89.15769889233523
31.51,71.46,1.451,0.3573,89.30247879131137,51.92,75.5,1.552,0.3684,89.15769889233523
21.46,67.61,1.295,0.3349,89.3644420629158,51.92,75.5,1.552,0.3684,89.15769889233523
19.2,66.43,1.329,0.3238,89.42214555631433,51.92,75.5,1.552,0.3684,89.15769889233523
16.75,64.76,1.351,0.3238,88.91190030342035,51.92,75.5,1.552,0.3684,89.15769889233523
15.52,63.31,1.329,0.3238,89.80090000385019,51.92,75.5,1.552,0.3684,89.15769889233523
13.4,61.51,1.262,0.3126,90.0,51.92,75.5,1.552,0.3684,89.15769889233523
11.57,59.38,1.05,0.2531,89.90351006172466,51.92,75.5,1.552,0.3684,89.15769889233523
10.14,58.24,1.139,0.2754,89.72454164386475,51.92,75.5,1.552,0.3684,89.15769889233523
9.626,55.93,1.072,0.268,90.0,51.92,75.5,1.552,0.3684,89.15769889233523
8.095,54.34,1.128,0.2903,89.78595897800862,51.92,75.5,1.552,0.3684,89.15769889233523
7.433,51.94,0.9825,0.2345,89.7926153348397,51.92,75.5,1.552,0.3684,89.15769889233523
6.21,49.76,0.949,0.2233,89.90327892067126,51.92,75.5,1.552,0.3684,89.15769889233523
5.425,47.36,0.815,0.1786,89.73384753319841,51.92,75.5,1.552,0.3684,89.15769889233523
41.5,75.44,1.585,0.4019,89.35446246217971,51.87,75.33,1.585,0.4354,89.596890188597
31.7,72.5,1.44,0.4578,89.72340183385693,51.87,75.33,1.585,0.4354,89.596890188597
21.21,68.44,1.474,0.3461,89.80745207950261,51.87,75.33,1.585,0.4354,89.596890188597
19.66,66.95,1.351,0.3349,89.7004728880215,51.87,75.33,1.585,0.4354,89.596890188597
17.19,65.65,1.34,0.3126,89.80799658326534,51.87,75.33,1.585,0.4354,89.596890188597
15.3,63.86,1.273,0.3349,89.79364277626296,51.87,75.33,1.585,0.4354,89.596890188597
13.06,61.97,1.429,0.3461,89.89829709331798,51.87,75.33,1.585,0.4354,89.596890188597
11.05,59.17,1.139,0.2791,89.78696952158097,51.87,75.33,1.585,0.4354,89.596890188597
10.04,57.96,1.094,0.2903,89.76176322834752,51.87,75.33,1.585,0.4354,89.596890188597
9.044,56.27,1.206,0.3126,89.88595843555663,51.87,75.33,1.585,0.4354,89.596890188597
8.208,54.63,1.116,0.201,89.5217596796597,51.87,75.33,1.585,0.4354,89.596890188597
7.174,52.75,1.016,0.2568,89.8099199122266,51.87,75.33,1.585,0.4354,89.596890188597
5.912,49.61,0.882,0.2121,89.80250877856744,51.87,75.33,1.585,0.4354,89.596890188597
5.204,47.78,0.9379,0.1451,89.71580183382464,51.87,75.33,1.585,0.4354,89.596890188597
3.605,42.46,0.7481,0.134,89.90958987185034,51.87,75.33,1.585,0.4354,89.596890188597
3.408,41.51,0.7425,0.1563,89.90614045960646,51.87,75.33,1.585,0.4354,89.596890188597
41.48,72.88,1.507,0.3684,89.30820752181387,52.1,73.35,1.496,0.3238,89.53914409146216
31.6,70.23,1.574,0.2903,89.73077789995064,52.1,73.35,1.496,0.3238,89.53914409146216
21.44,66.21,1.384,0.3349,89.90480999927915,52.1,73.35,1.496,0.3238,89.53914409146216
19.2,64.98,1.407,0.3126,89.79719953439314,52.1,73.35,1.496,0.3238,89.53914409146216
17.33,63.81,1.384,0.3126,89.78450208052799,52.1,73.35,1.496,0.3238,89.53914409146216
15.52,62.08,1.161,0.2568,89.89847730105474,52.1,73.35,1.496,0.3238,89.53914409146216
13.27,60.52,1.172,0.2456,89.89586039646234,52.1,73.35,1.496,0.3238,89.53914409146216
11.3,58.09,1.161,0.201,90.0,52.1,73.35,1.496,0.3238,89.53914409146216
10.38,56.38,1.038,0.2233,89.77642767795071,52.1,73.35,1.496,0.3238,89.53914409146216
9.155,54.71,1.139,0.2121,89.88375392433672,52.1,73.35,1.496,0.3238,89.53914409146216
8.303,53.16,1.116,0.2233,89.80599697331137,52.1,73.35,1.496,0.3238,89.53914409146216
7.17,51.21,1.128,0.2121,89.89594802505671,52.1,73.35,1.496,0.3238,89.53914409146216
5.918,48.74,0.9937,0.1898,89.9036058783885,52.1,73.35,1.496,0.3238,89.53914409146216
5.544,46.07,0.8485,0.1451,89.47145614150048,52.1,73.35,1.496,0.3238,89.53914409146216
4.198,43.05,0.8039,0.1675,89.88154896371988,52.1,73.35,1.496,0.3238,89.53914409146216
2.907,39.03,0.7704,0.1507,89.87815673761374,52.1,73.35,1.496,0.3238,89.53914409146216
41.73,74.11,1.563,0.4131,89.67529389055538,52.06,75.36,1.507,0.3349,89.47541158224101
31.63,71.33,1.396,0.3349,89.50199791487078,52.06,75.36,1.507,0.3349,89.47541158224101
21.66,67.21,1.317,0.3015,90.0,52.06,75.36,1.507,0.3349,89.47541158224101
19.54,65.87,1.329,0.268,89.80863785299401,52.06,75.36,1.507,0.3349,89.47541158224101
17.64,64.65,1.317,0.268,89.70754148446385,52.06,75.36,1.507,0.3349,89.47541158224101
15.52,62.97,1.217,0.2568,89.89991219095357,52.06,75.36,1.507,0.3349,89.47541158224101
13.4,60.96,1.198,0.268,89.89661205862981,52.06,75.36,1.507,0.3349,89.47541158224101
11.47,58.57,1.169,0.2531,89.69674704124976,52.06,75.36,1.507,0.3349,89.47541158224101
10.45,57.35,1.213,0.268,89.80018989627193,52.06,75.36,1.507,0.3349,89.47541158224101
9.118,55.73,1.176,0.2456,90.0,52.06,75.36,1.507,0.3349,89.47541158224101
8.417,54.28,1.072,0.2456,89.72766765302264,52.06,75.36,1.507,0.3349,89.47541158224101
7.128,51.53,1.124,0.2531,89.90548929086916,52.06,75.36,1.507,0.3349,89.47541158224101
6.135,49.63,1.027,0.2084,89.8152872665151,52.06,75.36,1.507,0.3349,89.47541158224101
5.258,47.08,0.9453,0.201,90.0,52.06,75.36,1.507,0.3349,89.47541158224101
4.168,43.84,0.9304,0.1786,89.959485199159,52.06,75.36,1.507,0.3349,89.47541158224101
3.466,39.82,0.7815,0.1563,89.90503470655341,52.06,75.36,1.507,0.3349,89.47541158224101
41.01,72.84,1.44,0.4131,89.86627862668655,51.88,74.25,1.518,0.3573,89.62960820123604
30.53,71.18,1.451,0.3573,88.81690327341757,51.88,74.25,1.518,0.3573,89.62960820123604
21.44,66.19,1.329,0.3461,89.76628229845423,51.88,74.25,1.518,0.3573,89.62960820123604
19.24,64.97,1.351,0.3573,89.74425633814377,51.88,74.25,1.518,0.3573,89.62960820123604
17.07,64.15,1.362,0.3238,89.74098732857759,51.88,74.25,1.518,0.3573,89.62960820123604
15.07,62.41,1.25,0.3461,89.8806530914266,51.88,74.25,1.518,0.3573,89.62960820123604
13.52,60.76,1.34,0.2903,89.74539567735187,51.88,74.25,1.518,0.3573,89.62960820123604
11.1,58.66,1.183,0.3349,89.78511741572326,51.88,74.25,1.518,0.3573,89.62960820123604
9.68,56.41,1.128,0.268,89.39060146455984,51.88,74.25,1.518,0.3573,89.62960820123604
9.237,55.53,1.161,0.3126,90.0,51.88,74.25,1.518,0.3573,89.62960820123604
8.039,53.93,1.05,0.2456,90.0,51.88,74.25,1.518,0.3573,89.62960820123604
7.068,51.58,1.027,0.2456,89.64787643588625,51.88,74.25,1.518,0.3573,89.62960820123604
5.938,49.15,0.949,0.2121,90.0,51.88,74.25,1.518,0.3573,89.62960820123604
4.756,46.11,0.882,0.2121,89.75893915334088,51.88,74.25,1.518,0.3573,89.62960820123604
3.55,41.73,0.7257,0.1451,90.0,51.88,74.25,1.518,0.3573,89.62960820123604
3.516,40.79,0.6922,0.1563,90.0,51.88,74.25,1.518,0.3573,89.62960820123604
42.4,138.0,1.418,0.268,90.0,52.6,142.9,1.451,0.2791,89.73938418587672
32.25,131.0,1.351,0.2233,89.78131488057703,52.6,142.9,1.451,0.2791,89.73938418587672
22.24,119.8,1.105,0.2345,89.73217526849669,52.6,142.9,1.451,0.2791,89.73938418587672
20.02,117.3,1.172,0.2456,89.77531182037549,52.6,142.9,1.451,0.2791,89.73938418587672
17.5,113.6,1.183,0.2568,90.0,52.6,142.9,1.451,0.2791,89.73938418587672
15.26,109.9,1.217,0.1898,89.90094461090469,52.6,142.9,1.451,0.2791,89.73938418587672
13.83,106.0,1.038,0.1898,89.89730012784152,52.6,142.9,1.451,0.2791,89.73938418587672
11.99,101.5,0.949,0.2233,89.60486295749251,52.6,142.9,1.451,0.2791,89.73938418587672
10.72,99.21,1.005,0.201,89.70546728998872,52.6,142.9,1.451,0.2791,89.73938418587672
9.646,95.45,0.8485,0.2121,90.0,52.6,142.9,1.451,0.2791,89.73938418587672
8.623,92.32,0.815,0.1898,89.9075274725423,52.6,142.9,1.451,0.2791,89.73938418587672
7.669,88.65,0.8262,0.1786,89.80158224484789,52.6,142.9,1.451,0.2791,89.73938418587672
6.474,84.16,0.7146,0.1675,90.0,52.6,142.9,1.451,0.2791,89.73938418587672
5.325,78.96,0.7756,0.1459,89.90639375656937,52.6,142.9,1.451,0.2791,89.73938418587672
4.466,72.8,0.5965,0.08812,89.91185271644711,52.6,142.9,1.451,0.2791,89.73938418587672
3.238,62.75,0.5917,0.1284,90.0,52.6,142.9,1.451,0.2791,89.73938418587672
42.36,0.1309,1.329,0.268,90.0,52.07,135.3,1.329,0.2791,89.90260150336807
32.3,124.5,1.172,0.2121,90.0,52.07,135.3,1.329,0.2791,89.90260150336807
21.96,115.3,1.25,0.201,89.89564526979002,52.07,135.3,1.329,0.2791,89.90260150336807
20.14,112.9,1.116,0.1563,89.6955080241845,52.07,135.3,1.329,0.2791,89.90260150336807
17.91,109.7,1.072,0.1898,89.72318571676068,52.07,135.3,1.329,0.2791,89.90260150336807
15.16,106.1,1.05,0.201,89.68139338849883,52.07,135.3,1.329,0.2791,89.90260150336807
13.5,103.0,0.9714,0.1675,89.79418109481826,52.07,135.3,1.329,0.2791,89.90260150336807
11.29,97.82,0.8709,0.1675,90.0,52.07,135.3,1.329,0.2791,89.90260150336807
10.43,95.4,0.9379,0.201,89.90991237060162,52.07,135.3,1.329,0.2791,89.90260150336807
9.001,91.84,1.016,0.1563,89.68807048430217,52.07,135.3,1.329,0.2791,89.90260150336807
8.694,89.12,0.8887,0.1607,89.65090638135955,52.07,135.3,1.329,0.2791,89.90260150336807
7.349,85.45,0.7034,0.134,89.80689149188737,52.07,135.3,1.329,0.2791,89.90260150336807
6.179,81.36,0.7592,0.134,90.0,52.07,135.3,1.329,0.2791,89.90260150336807
5.756,76.11,0.8709,0.08932,89.6386597089212,52.07,135.3,1.329,0.2791,89.90260150336807
4.491,70.28,0.8039,0.1228,89.81656934623152,52.07,135.3,1.329,0.2791,89.90260150336807
3.156,61.16,0.5192,0.08932,89.89788696280674,52.07,135.3,1.329,0.2791,89.90260150336807
41.87,130.0,1.262,0.268,89.69589448750644,51.87,135.5,1.34,0.3015,89.48414050017037
31.66,123.4,1.273,0.2456,89.9024951208873,51.87,135.5,1.34,0.3015,89.48414050017037
21.79,113.9,1.094,0.2121,89.89939294007561,51.87,135.5,1.34,0.3015,89.48414050017037
19.48,112.0,1.083,0.2345,90.0,51.87,135.5,1.34,0.3015,89.48414050017037
17.56,108.4,1.172,0.1563,90.0,51.87,135.5,1.34,0.3015,89.48414050017037
15.92,105.1,1.05,0.2345,89.90187221475907,51.87,135.5,1.34,0.3015,89.48414050017037
13.4,101.4,1.05,0.1786,90.0,51.87,135.5,1.34,0.3015,89.48414050017037
11.55,96.99,0.815,0.201,89.89957446599988,51.87,135.5,1.34,0.3015,89.48414050017037
10.66,94.35,0.8932,0.1675,89.90283713901047,51.87,135.5,1.34,0.3015,89.48414050017037
9.366,91.43,7704.0,0.1786,89.9066273259337,51.87,135.5,1.34,0.3015,89.48414050017037
8.591,88.09,0.815,0.2233,89.62080881180898,51.87,135.5,1.34,0.3015,89.48414050017037
7.558,84.14,0.9044,0.1898,89.80592780233094,51.87,135.5,1.34,0.3015,89.48414050017037
6.43,80.31,1.05,0.2121,89.9065404002084,51.87,135.5,1.34,0.3015,89.48414050017037
5.342,75.05,0.8597,0.1451,90.0,51.87,135.5,1.34,0.3015,89.48414050017037
4.466,69.33,0.6755,0.1116,89.90744090980563,51.87,135.5,1.34,0.3015,89.48414050017037
3.321,61.98,0.508,0.128,89.9066332912462,51.87,135.5,1.34,0.3015,89.48414050017037
41.93,131.2,1.284,0.1675,89.52836856509232,52.6,135.4,1.284,0.201,89.68686517943412
33.22,124.4,1.34,0.1675,89.91709619682538,52.6,135.4,1.284,0.201,89.68686517943412
22.08,114.4,1.094,0.1786,89.89983265534869,52.6,135.4,1.284,0.201,89.68686517943412
19.69,111.8,1.217,0.201,89.69251218542222,52.6,135.4,1.284,0.201,89.68686517943412
17.39,109.0,1.072,0.2121,89.8107669208612,52.6,135.4,1.284,0.201,89.68686517943412
16.11,105.6,0.9379,0.2121,89.70158718000512,52.6,135.4,1.284,0.201,89.68686517943412
13.39,102.0,1.027,0.1675,89.89327269101504,52.6,135.4,1.284,0.201,89.68686517943412
12.03,97.47,1.038,0.134,89.90594730185755,52.6,135.4,1.284,0.201,89.68686517943412
10.61,94.48,1.05,0.1228,89.89690651983854,52.6,135.4,1.284,0.201,89.68686517943412
9.61,91.88,1.083,0.134,89.90957900378366,52.6,135.4,1.284,0.201,89.68686517943412
8.474,88.9,0.8597,0.1786,89.79376186435417,52.6,135.4,1.284,0.201,89.68686517943412
7.762,84.82,1.005,0.1116,89.80951013568908,52.6,135.4,1.284,0.201,89.68686517943412
6.915,80.63,0.8485,0.1451,89.79108415572414,52.6,135.4,1.284,0.201,89.68686517943412
5.679,75.71,0.7413,0.1189,90.0,52.6,135.4,1.284,0.201,89.68686517943412
4.538,69.66,0.6476,0.1396,90.0,52.6,135.4,1.284,0.201,89.68686517943412
41.76,140.2,1.329,0.268,89.63628702705292,52.2,146.5,1.429,0.3461,89.78489740149163
31.42,133.4,1.384,0.268,89.7079400853171,52.2,146.5,1.429,0.3461,89.78489740149163
21.41,122.9,1.139,0.2233,90.0,52.2,146.5,1.429,0.3461,89.78489740149163
19.49,120.0,1.25,0.1786,90.0,52.2,146.5,1.429,0.3461,89.78489740149163
17.3,116.8,1.25,0.2345,89.77925536634719,52.2,146.5,1.429,0.3461,89.78489740149163
15.45,113.3,1.273,0.2345,89.78760708588669,52.2,146.5,1.429,0.3461,89.78489740149163
13.39,108.7,1.027,0.2456,90.0,52.2,146.5,1.429,0.3461,89.78489740149163
11.5,103.5,1.061,0.2121,89.81731842349217,52.2,146.5,1.429,0.3461,89.78489740149163
10.52,100.1,1.061,0.2233,90.0,52.2,146.5,1.429,0.3461,89.78489740149163
9.517,97.19,0.9044,0.1898,89.89211734479088,52.2,146.5,1.429,0.3461,89.78489740149163
8.162,93.54,1.005,0.2456,89.89954566803382,52.2,146.5,1.429,0.3461,89.78489740149163
7.339,89.34,0.9602,0.1675,89.81914756926068,52.2,146.5,1.429,0.3461,89.78489740149163
6.196,85.31,0.776,0.1563,89.90328701894273,52.2,146.5,1.429,0.3461,89.78489740149163
5.265,80.44,0.6417,0.1319,89.91238966450044,52.2,146.5,1.429,0.3461,89.78489740149163
3.908,70.79,0.6364,0.1284,90.0,52.2,146.5,1.429,0.3461,89.78489740149163
41.53,134.4,1.317,0.2903,89.8081621693895,51.81,139.3,1.362,0.2345,89.54345320000395
32.11,128.2,1.373,0.268,89.80335379096512,51.81,139.3,1.362,0.2345,89.54345320000395
21.38,117.5,1.15,0.268,89.5904031071388,51.81,139.3,1.362,0.2345,89.54345320000395
19.5,114.7,1.105,0.1675,89.69529122927615,51.81,139.3,1.362,0.2345,89.54345320000395
17.52,112.0,1.05,0.1619,89.80048871700079,51.81,139.3,1.362,0.2345,89.54345320000395
15.09,108.3,1.105,167.5,90.0,51.81,139.3,1.362,0.2345,89.54345320000395
13.43,104.4,0.9379,0.1675,89.8134052091593,51.81,139.3,1.362,0.2345,89.54345320000395
11.44,99.56,0.9602,0.201,89.70650269217846,51.81,139.3,1.362,0.2345,89.54345320000395
10.59,95.94,1.161,0.2177,89.52045615345799,51.81,139.3,1.362,0.2345,89.54345320000395
8.901,93.46,1.038,0.1786,90.0,51.81,139.3,1.362,0.2345,89.54345320000395
8.115,89.8,0.9044,0.134,89.77477387536915,51.81,139.3,1.362,0.2345,89.54345320000395
7.195,86.5,0.7815,0.1563,89.78803970168906,51.81,139.3,1.362,0.2345,89.54345320000395
6.092,82.45,0.7592,0.1396,89.90618649700428,51.81,139.3,1.362,0.2345,89.54345320000395
5.332,76.7,0.7146,0.134,89.81847682087688,51.81,139.3,1.362,0.2345,89.54345320000395
3.957,69.55,0.6866,0.1172,89.90114325350154,51.81,139.3,1.362,0.2345,89.54345320000395
3.637,65.35,0.5638,0.1061,89.71856469309276,51.81,139.3,1.362,0.2345,89.54345320000395
42.08,134.1,1.429,0.268,90.0,51.85,139.8,1.34,0.3349,89.79917870533113
32.05,128.2,1.362,0.2345,89.81676139226902,51.85,139.8,1.34,0.3349,89.79917870533113
22.16,117.8,1.061,0.2345,89.60117334143419,51.85,139.8,1.34,0.3349,89.79917870533113
19.99,114.6,1.072,156.3,89.42006252637069,51.85,139.8,1.34,0.3349,89.79917870533113
18.12,111.4,1.105,0.1786,89.60397623291509,51.85,139.8,1.34,0.3349,89.79917870533113
15.62,108.7,1.083,0.2568,89.69428485051797,51.85,139.8,1.34,0.3349,89.79917870533113
13.73,104.4,1.183,0.2568,89.71462108268528,51.85,139.8,1.34,0.3349,89.79917870533113
11.92,100.2,1.094,0.2233,89.53112285022857,51.85,139.8,1.34,0.3349,89.79917870533113
10.6,97.65,0.8262,0.1675,89.59163146666076,51.85,139.8,1.34,0.3349,89.79917870533113
9.035,93.48,1.038,0.1786,90.0,51.85,139.8,1.34,0.3349,89.79917870533113
8.679,90.97,1.005,0.1786,89.51189232815534,51.85,139.8,1.34,0.3349,89.79917870533113
7.423,86.93,0.8262,0.1228,89.5650007142944,51.85,139.8,1.34,0.3349,89.79917870533113
6.753,82.6,0.7592,0.1451,89.54982813884253,51.85,139.8,1.34,0.3349,89.79917870533113
5.469,78.1,0.7146,0.134,89.81366098992532,51.85,139.8,1.34,0.3349,89.79917870533113
4.289,71.59,0.6476,0.1172,89.91196353140766,51.85,139.8,1.34,0.3349,89.79917870533113
3.283,63.51,0.6029,0.1061,89.81505914016554,51.85,139.8,1.34,0.3349,89.79917870533113
42.07,133.7,1.563,0.2345,89.88000901413646,52.02,137.6,1.295,0.268,89.70019923867595
31.88,126.6,1.217,0.268,89.89590825600534,52.02,137.6,1.295,0.268,89.70019923867595
20.89,116.8,1.116,0.2456,89.78416075571438,52.02,137.6,1.295,0.268,89.70019923867595
20.03,113.9,0.9937,0.201,89.71327197810793,52.02,137.6,1.295,0.268,89.70019923867595
17.91,111.2,1.195,0.2233,89.59811173480476,52.02,137.6,1.295,0.268,89.70019923867595
15.84,107.4,1.183,0.1898,89.7812741574867,52.02,137.6,1.295,0.268,89.70019923867595
13.98,103.9,0.9937,0.2121,89.63053281823593,52.02,137.6,1.295,0.268,89.70019923867595
11.81,99.23,1.027,0.1451,89.73439615253304,52.02,137.6,1.295,0.268,89.70019923867595
10.68,96.43,0.9602,0.1786,89.70885937646868,52.02,137.6,1.295,0.268,89.70019923867595
9.563,93.87,0.9602,0.1563,89.73082717721819,52.02,137.6,1.295,0.268,89.70019923867595
8.742,90.34,1.083,0.1675,89.70825956608338,52.02,137.6,1.295,0.268,89.70019923867595
7.542,0.0859,0.9937,0.1898,17.112829972740386,52.02,137.6,1.295,0.268,89.70019923867595
6.565,82.55,0.8932,0.1451,89.7091856395294,52.02,137.6,1.295,0.268,89.70019923867595
5.855,77.61,0.6699,0.1116,89.54007854712,52.02,137.6,1.295,0.268,89.70019923867595
4.578,71.57,0.709,0.1228,89.64215620460268,52.02,137.6,1.295,0.268,89.70019923867595
3.138,62.19,0.642,0.1005,90.0,52.02,137.6,1.295,0.268,89.70019923867595
42.08,132.3,1.273,0.3015,89.90039292507863,51.81,136.9,1.329,0.2903,89.6275199022069
31.89,126.0,1.217,0.2568,89.79992031340147,51.81,136.9,1.329,0.2903,89.6275199022069
21.98,117.4,1.116,0.2121,89.89751191767527,51.81,136.9,1.329,0.2903,89.6275199022069
19.79,113.7,1.061,0.1898,90.0,51.81,136.9,1.329,0.2903,89.6275199022069
18.06,111.2,1.139,0.2233,89.5775028090557,51.81,136.9,1.329,0.2903,89.6275199022069
15.45,107.8,1.016,0.2233,89.79803055626412,51.81,136.9,1.329,0.2903,89.6275199022069
13.13,103.8,0.9267,0.1786,89.8840838412149,51.81,136.9,1.329,0.2903,89.6275199022069
11.4,99.04,0.9602,0.1451,89.90165314063694,51.81,136.9,1.329,0.2903,89.6275199022069
10.58,96.01,1.083,0.2121,89.8209699207062,51.81,136.9,1.329,0.2903,89.6275199022069
9.693,93.54,0.9602,0.1116,89.8021545517649,51.81,136.9,1.329,0.2903,89.6275199022069
8.562,89.98,0.9825,0.1563,89.90448589724727,51.81,136.9,1.329,0.2903,89.6275199022069
7.349,86.46,0.8709,0.1228,89.80914731124832,51.81,136.9,1.329,0.2903,89.6275199022069
6.635,82.25,0.9267,0.1451,89.6147831166091,51.81,136.9,1.329,0.2903,89.6275199022069
5.551,77.17,0.7425,0.1116,89.69856327770114,51.81,136.9,1.329,0.2903,89.6275199022069
4.228,71.06,0.6476,0.0949,90.0,51.81,136.9,1.329,0.2903,89.6275199022069
3.181,62.38,0.642,0.1172,89.90539499957235,51.81,136.9,1.329,0.2903,89.6275199022069
42.08,134.8,1.306,0.2233,89.70672297780796,51.41,138.7,1.429,0.2456,89.136704274716
31.83,128.3,1.34,0.2345,89.66953697044644,51.41,138.7,1.429,0.2456,89.136704274716
21.9,117.6,1.105,0.201,89.90743036874683,51.41,138.7,1.429,0.2456,89.136704274716
19.29,114.5,1.239,0.2791,89.60969417705444,51.41,138.7,1.429,0.2456,89.136704274716
17.65,111.4,1.116,0.1786,89.89713515627598,51.41,138.7,1.429,0.2456,89.136704274716
15.94,108.9,0.9155,0.2233,89.79480938034057,51.41,138.7,1.429,0.2456,89.136704274716
13.78,104.6,0.9714,0.1675,90.0,51.41,138.7,1.429,0.2456,89.136704274716
11.63,99.52,1.183,0.1899,89.90788467821866,51.41,138.7,1.429,0.2456,89.136704274716
10.55,97.05,0.9379,0.1786,89.81108106130925,51.41,138.7,1.429,0.2456,89.136704274716
10.01,96.68,0.7369,0.134,89.66279559228875,51.41,138.7,1.429,0.2456,89.136704274716
8.468,90.75,0.8485,0.1786,89.91097852991102,51.41,138.7,1.429,0.2456,89.136704274716
7.416,86.56,1.083,0.1675,89.90600747005085,51.41,138.7,1.429,0.2456,89.136704274716
6.634,82.85,0.8485,0.1898,90.0,51.41,138.7,1.429,0.2456,89.136704274716
5.363,77.48,0.7257,0.1563,89.79146439755704,51.41,138.7,1.429,0.2456,89.136704274716
4.799,72.22,0.642,0.1061,89.81435661189488,51.41,138.7,1.429,0.2456,89.136704274716
3.167,64.54,0.6085,0.1228,89.80646990343875,51.41,138.7,1.429,0.2456,89.136704274716
40.75,139.5,1.507,0.2903,89.69196114260014,51.41,144.9,1.407,0.2233,89.45829621063184
31.89,131.9,1.317,0.3238,89.80886998124451,51.41,144.9,1.407,0.2233,89.45829621063184
21.15,122.7,1.094,0.2456,90.0,51.41,144.9,1.407,0.2233,89.45829621063184
19.28,119.1,1.139,0.2456,90.0,51.41,144.9,1.407,0.2233,89.45829621063184
17.13,116.5,1.183,0.2791,89.90163824338885,51.41,144.9,1.407,0.2233,89.45829621063184
15.29,112.3,1.273,0.1786,89.88775551765328,51.41,144.9,1.407,0.2233,89.45829621063184
13.24,108.5,1.105,0.2121,89.91022788436241,51.41,144.9,1.407,0.2233,89.45829621063184
11.3,103.4,1.061,0.2456,89.88917658015421,51.41,144.9,1.407,0.2233,89.45829621063184
10.11,100.6,0.9155,0.1675,89.79895301034891,51.41,144.9,1.407,0.2233,89.45829621063184
9.433,97.69,0.8597,0.1675,90.0,51.41,144.9,1.407,0.2233,89.45829621063184
7.97,93.83,0.8932,0.201,90.0,51.41,144.9,1.407,0.2233,89.45829621063184
7.21,89.83,0.8709,0.1675,90.0,51.41,144.9,1.407,0.2233,89.45829621063184
6.527,85.3,0.815,0.1116,89.89790211878005,51.41,144.9,1.407,0.2233,89.45829621063184
5.511,79.79,0.7481,0.1507,89.71779597364372,51.41,144.9,1.407,0.2233,89.45829621063184
3.798,70.61,0.7536,0.1172,90.0,51.41,144.9,1.407,0.2233,89.45829621063184
3.836,69.74,0.6252,0.1228,89.90469881998538,51.41,144.9,1.407,0.2233,89.45829621063184
41.61,136.4,1.206,0.268,90.0,51.54,140.7,1.429,0.3126,89.69866037023625
31.44,128.7,1.217,0.1898,89.90205859195547,51.54,140.7,1.429,0.3126,89.69866037023625
21.61,118.7,1.228,0.1675,89.68625202665834,51.54,140.7,1.429,0.3126,89.69866037023625
19.49,116.1,1.116,0.2121,89.70883532371026,51.54,140.7,1.429,0.3126,89.69866037023625
17.42,113.6,1.105,0.2568,89.7881679775489,51.54,140.7,1.429,0.3126,89.69866037023625
15.35,109.6,1.116,0.1786,89.90067347443322,51.54,140.7,1.429,0.3126,89.69866037023625
13.22,105.7,1.072,0.2233,89.69102859268258,51.54,140.7,1.429,0.3126,89.69866037023625
11.5,101.3,0.8262,0.1898,89.4344134406008,51.54,140.7,1.429,0.3126,89.69866037023625
10.14,98.36,0.882,0.134,90.0,51.54,140.7,1.429,0.3126,89.69866037023625
9.001,91.17,1.139,0.201,89.68577818858743,51.54,140.7,1.429,0.3126,89.69866037023625
8.489,91.42,0.8932,0.134,89.69290458195348,51.54,140.7,1.429,0.3126,89.69866037023625
7.503,87.83,0.7927,0.134,89.71231667506896,51.54,140.7,1.429,0.3126,89.69866037023625
6.703,83.71,0.7704,0.134,89.60918190525848,51.54,140.7,1.429,0.3126,89.69866037023625
5.606,78.36,0.6252,0.1228,89.63587399110416,51.54,140.7,1.429,0.3126,89.69866037023625
4.36,72.13,0.6532,0.1116,89.90150187632528,51.54,140.7,1.429,0.3126,89.69866037023625
3.452,64.17,0.6085,0.1284,89.54732186715499,51.54,140.7,1.429,0.3126,89.69866037023625
41.61,136.0,1.351,0.3015,89.80199331495294,52.02,141.8,1.518,0.3349,89.6565526849064
31.78,130.0,1.306,0.2903,89.70911623395325,52.02,141.8,1.518,0.3349,89.6565526849064
21.55,119.5,1.217,0.2121,89.82259940856699,52.02,141.8,1.518,0.3349,89.6565526849064
19.24,117.2,1.016,0.2791,89.8924483217772,52.02,141.8,1.518,0.3349,89.6565526849064
17.81,114.2,1.239,0.2233,89.68392316179393,52.02,141.8,1.518,0.3349,89.6565526849064
15.29,110.2,1.128,0.268,90.0,52.02,141.8,1.518,0.3349,89.6565526849064
13.22,106.3,1.072,0.2233,90.0,52.02,141.8,1.518,0.3349,89.6565526849064
11.18,101.5,1.038,0.1898,90.0,52.02,141.8,1.518,0.3349,89.6565526849064
10.43,98.83,0.9379,0.1116,89.79129424874252,52.02,141.8,1.518,0.3349,89.6565526849064
8.758,94.99,0.9267,0.1675,89.89866637622991,52.02,141.8,1.518,0.3349,89.6565526849064
8.129,92.79,0.815,0.1451,89.90552595839108,52.02,141.8,1.518,0.3349,89.6565526849064
6.774,88.77,0.7799,0.127,89.81734087337863,52.02,141.8,1.518,0.3349,89.6565526849064
6.228,83.94,0.7704,0.1005,89.90716917803877,52.02,141.8,1.518,0.3349,89.6565526849064
5.233,78.8,0.8095,0.1061,90.0,52.02,141.8,1.518,0.3349,89.6565526849064
4.206,72.5,0.6755,0.1172,89.90279483974265,52.02,141.8,1.518,0.3349,89.6565526849064
3.249,64.58,0.6364,0.1005,89.91039224198353,52.02,141.8,1.518,0.3349,89.6565526849064
41.84,135.8,1.463,0.2791,89.60762708424369,51.87,141.0,1.373,0.3015,89.63022386198293
31.34,130.6,1.228,0.2233,90.0,51.87,141.0,1.373,0.3015,89.63022386198293
22.03,119.6,1.295,0.2233,89.90897835326491,51.87,141.0,1.373,0.3015,89.63022386198293
19.68,117.5,1.217,0.1898,90.0,51.87,141.0,1.373,0.3015,89.63022386198293
17.56,114.1,1.25,0.2345,89.90459081467704,51.87,141.0,1.373,0.3015,89.63022386198293
15.86,110.3,1.15,0.201,89.7039138385575,51.87,141.0,1.373,0.3015,89.63022386198293
13.13,106.0,1.105,0.1675,90.0,51.87,141.0,1.373,0.3015,89.63022386198293
11.94,102.5,1.016,0.1563,89.41308815362024,51.87,141.0,1.373,0.3015,89.63022386198293
10.32,99.08,0.9267,0.2121,90.0,51.87,141.0,1.373,0.3015,89.63022386198293
9.593,95.77,0.8597,0.1563,89.80855611139211,51.87,141.0,1.373,0.3015,89.63022386198293
8.154,92.25,0.9044,0.134,89.80125120969566,51.87,141.0,1.373,0.3015,89.63022386198293
7.515,88.96,0.9044,0.1451,89.70373399641932,51.87,141.0,1.373,0.3015,89.63022386198293
6.474,85.04,0.8039,0.1563,89.9002849622925,51.87,141.0,1.373,0.3015,89.63022386198293
5.363,79.46,0.7436,0.09976,90.0,51.87,141.0,1.373,0.3015,89.63022386198293
3.896,72.6,0.6755,0.1005,89.79480938034057,51.87,141.0,1.373,0.3015,89.63022386198293
3.026,64.2,0.8541,0.1675,89.80722988040878,51.87,141.0,1.373,0.3015,89.63022386198293
